{"cameraMode":{"drawMode":0,"name":"Shaded","section":"Shading Mode"},"sceneLighting":true,"audioPlay":false,"sceneViewState":{"showFog":true,"showMaterialUpdate":true,"showSkybox":true,"showFlares":true,"showImageEffects":true,"showParticleSystems":true},"in2DMode":false,"pivot":{"x":-26.17215919494629,"y":-2.9285507202148439,"z":13.3624267578125},"rotation":{"x":-0.21666383743286134,"y":0.004393089096993208,"z":-0.0009749932796694338,"w":-0.9762359261512756},"size":242.23191833496095,"orthographic":false}