{"cameraMode":{"drawMode":0,"name":"Shaded","section":"Shading Mode"},"sceneLighting":true,"audioPlay":false,"sceneViewState":{"showFog":true,"showMaterialUpdate":true,"showSkybox":true,"showFlares":true,"showImageEffects":true,"showParticleSystems":true},"in2DMode":false,"pivot":{"x":-10.381487846374512,"y":-4.390854835510254,"z":17.719467163085939},"rotation":{"x":-0.13183212280273438,"y":0.21003901958465577,"z":-0.02859525941312313,"w":-0.9683420062065125},"size":36.229793548583987,"orthographic":false}